BEGIN TRANSACTION;CREATE TABLE "assistant_statushistory" ("id" integer NOT NULL PRIMARY KEY AUTOINCREMENT, "old_status" varchar(20) NOT NULL, "new_status" varchar(20) NOT NULL, "changed_at" datetime NOT NULL, "note" text NOT NULL, "task_id" bigint NOT NULL REFERENCES "assistant_task" ("id") DEFERRABLE INITIALLY DEFERRED);INSERT INTO "assistant_statushistory" VALUES(1,'','pending','2026-04-18 13:32:18.651717','Task created',1);INSERT INTO "assistant_statushistory" VALUES(2,'','pending','2026-04-18 13:36:50.952958','Task created',2);INSERT INTO "assistant_statushistory" VALUES(3,'','pending','2026-04-18 13:48:16.118999','Task created',3);INSERT INTO "assistant_statushistory" VALUES(4,'','in_progress','2026-04-18 21:36:38.782397','Seeded sample task',4);INSERT INTO "assistant_statushistory" VALUES(5,'','pending','2026-04-18 21:36:38.853749','Seeded sample task',5);INSERT INTO "assistant_statushistory" VALUES(6,'','completed','2026-04-18 21:36:38.917197','Seeded sample task',6);INSERT INTO "assistant_statushistory" VALUES(7,'','pending','2026-04-18 21:36:38.987621','Seeded sample task',7);INSERT INTO "assistant_statushistory" VALUES(8,'','in_progress','2026-04-18 21:36:39.051655','Seeded sample task',8);INSERT INTO "assistant_statushistory" VALUES(9,'','in_progress','2026-04-18 21:47:33.365533','Seeded sample task',9);INSERT INTO "assistant_statushistory" VALUES(10,'','pending','2026-04-18 21:47:33.432130','Seeded sample task',10);INSERT INTO "assistant_statushistory" VALUES(11,'','completed','2026-04-18 21:47:33.492729','Seeded sample task',11);INSERT INTO "assistant_statushistory" VALUES(12,'','pending','2026-04-18 21:47:33.566476','Seeded sample task',12);INSERT INTO "assistant_statushistory" VALUES(13,'','in_progress','2026-04-18 21:47:33.622921','Seeded sample task',13);INSERT INTO "assistant_statushistory" VALUES(14,'','in_progress','2026-04-18 21:53:30.075160','Seeded sample task',14);INSERT INTO "assistant_statushistory" VALUES(15,'','pending','2026-04-18 21:53:30.150565','Seeded sample task',15);INSERT INTO "assistant_statushistory" VALUES(16,'','completed','2026-04-18 21:53:30.217849','Seeded sample task',16);INSERT INTO "assistant_statushistory" VALUES(17,'','pending','2026-04-18 21:53:30.291899','Seeded sample task',17);INSERT INTO "assistant_statushistory" VALUES(18,'','in_progress','2026-04-18 21:53:30.359390','Seeded sample task',18);CREATE TABLE "assistant_task" ("id" integer NOT NULL PRIMARY KEY AUTOINCREMENT, "task_code" varchar(20) NOT NULL UNIQUE, "original_request" text NOT NULL, "intent" varchar(50) NOT NULL, "entities" text NOT NULL CHECK ((JSON_VALID("entities") OR "entities" IS NULL)), "risk_score" integer NOT NULL, "risk_label" varchar(20) NOT NULL, "status" varchar(20) NOT NULL, "assigned_team" varchar(50) NOT NULL, "created_at" datetime NOT NULL, "updated_at" datetime NOT NULL);INSERT INTO "assistant_task" VALUES(1,'VG-B4B94328','I need to send KES 15,000 to my mother in Kisumu urgently.','send_money','{"amount": 15000, "currency": "KES", "recipient": "mother", "location": "Kisumu", "service_type": null, "document_type": null, "urgency": "high", "date": null, "additional_notes": null}',60,'high','pending','finance','2026-04-18 13:32:18.592420','2026-04-18 13:32:18.592451');INSERT INTO "assistant_task" VALUES(2,'VG-339205D1','Please verify my land title deed for the plot in Karen','verify_document','{"amount": null, "currency": null, "recipient": null, "location": "Karen", "service_type": null, "document_type": "land title deed", "urgency": "low", "date": null, "additional_notes": null}',45,'medium','pending','legal','2026-04-18 13:36:50.874897','2026-04-18 13:36:50.875045');INSERT INTO "assistant_task" VALUES(3,'VG-6DED172A','Can someone clean my apartment in Westlands on Friday?','hire_service','{"amount": null, "currency": null, "recipient": null, "location": "Westlands", "service_type": "apartment cleaning", "document_type": null, "urgency": "medium", "date": "Friday", "additional_notes": null}',25,'low','pending','operations','2026-04-18 13:48:16.051025','2026-04-18 13:48:16.051057');INSERT INTO "assistant_task" VALUES(4,'VG-9B769F13','I need to send KES 15,000 to my mother in Kisumu urgently','send_money','{"amount": 15000, "currency": "KES", "recipient": "mother", "location": "Kisumu", "urgency": "high"}',60,'high','in_progress','finance','2026-04-18 21:36:38.719363','2026-04-18 21:36:38.719400');INSERT INTO "assistant_task" VALUES(5,'VG-953BAA3D','Please verify my land title deed for the plot in Karen','verify_document','{"document_type": "land title deed", "location": "Karen", "urgency": "medium"}',55,'medium','pending','legal','2026-04-18 21:36:38.790328','2026-04-18 21:36:38.790363');INSERT INTO "assistant_task" VALUES(6,'VG-1BB3F6B4','Can someone clean my apartment in Westlands on Friday','hire_service','{"service_type": "cleaning", "location": "Westlands", "date": "Friday", "urgency": "low"}',15,'low','completed','operations','2026-04-18 21:36:38.860818','2026-04-18 21:36:38.860839');INSERT INTO "assistant_task" VALUES(7,'VG-A33B512F','I need a lawyer to help with a property dispute in Nakuru','hire_service','{"service_type": "lawyer", "location": "Nakuru", "urgency": "high"}',40,'medium','pending','legal','2026-04-18 21:36:38.924884','2026-04-18 21:36:38.924920');INSERT INTO "assistant_task" VALUES(8,'VG-C2C2CC84','Please arrange airport pickup for my father arriving at JKIA on Saturday at 3pm','airport_transfer','{"recipient": "father", "location": "JKIA", "date": "Saturday 3pm", "urgency": "medium"}',20,'low','in_progress','logistics','2026-04-18 21:36:38.995387','2026-04-18 21:36:38.995407');INSERT INTO "assistant_task" VALUES(9,'VG-3BB7FB14','I need to send KES 15,000 to my mother in Kisumu urgently','send_money','{"amount": 15000, "currency": "KES", "recipient": "mother", "location": "Kisumu", "urgency": "high"}',60,'high','in_progress','finance','2026-04-18 21:47:33.295712','2026-04-18 21:47:33.295769');INSERT INTO "assistant_task" VALUES(10,'VG-21D5B100','Please verify my land title deed for the plot in Karen','verify_document','{"document_type": "land title deed", "location": "Karen", "urgency": "medium"}',55,'medium','pending','legal','2026-04-18 21:47:33.372074','2026-04-18 21:47:33.372095');INSERT INTO "assistant_task" VALUES(11,'VG-402C64D6','Can someone clean my apartment in Westlands on Friday','hire_service','{"service_type": "cleaning", "location": "Westlands", "date": "Friday", "urgency": "low"}',15,'low','completed','operations','2026-04-18 21:47:33.439373','2026-04-18 21:47:33.439402');INSERT INTO "assistant_task" VALUES(12,'VG-BC52BDB8','I need a lawyer to help with a property dispute in Nakuru','hire_service','{"service_type": "lawyer", "location": "Nakuru", "urgency": "high"}',40,'medium','pending','legal','2026-04-18 21:47:33.499616','2026-04-18 21:47:33.499643');INSERT INTO "assistant_task" VALUES(13,'VG-D902439D','Please arrange airport pickup for my father arriving at JKIA on Saturday at 3pm','airport_transfer','{"recipient": "father", "location": "JKIA", "date": "Saturday 3pm", "urgency": "medium"}',20,'low','in_progress','logistics','2026-04-18 21:47:33.573120','2026-04-18 21:47:33.573145');INSERT INTO "assistant_task" VALUES(14,'VG-0A52A869','I need to send KES 15,000 to my mother in Kisumu urgently','send_money','{"amount": 15000, "currency": "KES", "recipient": "mother", "location": "Kisumu", "urgency": "high"}',60,'high','in_progress','finance','2026-04-18 21:53:30.011002','2026-04-18 21:53:30.011036');INSERT INTO "assistant_task" VALUES(15,'VG-74979CDA','Please verify my land title deed for the plot in Karen','verify_document','{"document_type": "land title deed", "location": "Karen", "urgency": "medium"}',55,'medium','pending','legal','2026-04-18 21:53:30.083341','2026-04-18 21:53:30.083372');INSERT INTO "assistant_task" VALUES(16,'VG-B2C0C43C','Can someone clean my apartment in Westlands on Friday','hire_service','{"service_type": "cleaning", "location": "Westlands", "date": "Friday", "urgency": "low"}',15,'low','completed','operations','2026-04-18 21:53:30.158939','2026-04-18 21:53:30.158960');INSERT INTO "assistant_task" VALUES(17,'VG-99F7D0E6','I need a lawyer to help with a property dispute in Nakuru','hire_service','{"service_type": "lawyer", "location": "Nakuru", "urgency": "high"}',40,'medium','pending','legal','2026-04-18 21:53:30.225207','2026-04-18 21:53:30.225227');INSERT INTO "assistant_task" VALUES(18,'VG-524AFC10','Please arrange airport pickup for my father arriving at JKIA on Saturday at 3pm','airport_transfer','{"recipient": "father", "location": "JKIA", "date": "Saturday 3pm", "urgency": "medium"}',20,'low','in_progress','logistics','2026-04-18 21:53:30.299242','2026-04-18 21:53:30.299277');CREATE TABLE "assistant_taskmessage" ("id" integer NOT NULL PRIMARY KEY AUTOINCREMENT, "channel" varchar(20) NOT NULL, "content" text NOT NULL, "created_at" datetime NOT NULL, "task_id" bigint NOT NULL REFERENCES "assistant_task" ("id") DEFERRABLE INITIALLY DEFERRED);INSERT INTO "assistant_taskmessage" VALUES(1,'whatsapp','Hi there! 👋 We''ve received your urgent request to send KES 15,000 to your mother in Kisumu. 

We''re on it! Your task code is VG-B4B94328. We''ll keep you updated every step of the way. 🚀','2026-04-18 13:32:18.630804',1);INSERT INTO "assistant_taskmessage" VALUES(2,'email','Subject: Vunoh Global - Urgent Money Transfer Request - Task Code: VG-B4B94328

Dear Customer,

We acknowledge receipt of your urgent request to transfer KES 15,000 to your mother in Kisumu.

Your task code is VG-B4B94328. We are processing this with high priority and will notify you upon completion.

Thank you for choosing Vunoh Global.

Sincerely,
The Vunoh Global Team','2026-04-18 13:32:18.637683',1);INSERT INTO "assistant_taskmessage" VALUES(3,'sms','Your urgent request to send KES 15,000 to Kisumu is being processed. Task code: VG-B4B94328. We will send a confirmation shortly.','2026-04-18 13:32:18.644465',1);INSERT INTO "assistant_taskmessage" VALUES(4,'whatsapp','Hello! 👋 We''ve received your request to verify your land title deed for the plot in Karen. We''ll start processing it right away.

Your task code is: VG-339205D1.
We''ll keep you updated! 🚀','2026-04-18 13:36:50.931967',2);INSERT INTO "assistant_taskmessage" VALUES(5,'email','Subject: Your Document Verification Request - Task Code: VG-339205D1

Dear Customer,

We confirm receipt of your request to verify your land title deed for the plot located in Karen.

Your assigned task code is: VG-339205D1.

Our team is now initiating the verification process, which includes a thorough review by our legal experts and an official check with the relevant land registry authorities. We will keep you informed of the progress and provide you with a comprehensive report upon completion.

Thank you for choosing Vunoh Global.

Sincerely,
The Vunoh Global Team','2026-04-18 13:36:50.938974',2);INSERT INTO "assistant_taskmessage" VALUES(6,'sms','Vunoh Global: We''ve received your request to verify your land title deed for Karen. Task code: VG-339205D1. We''ll update you soon!','2026-04-18 13:36:50.946092',2);INSERT INTO "assistant_taskmessage" VALUES(7,'whatsapp','Hey there! 👋 We''ve received your request to clean your apartment in Westlands this Friday. We''re on it! 

We''ll get back to you shortly with provider options and a quote. Your task code is VG-6DED172A. 

Cheers! 🧹','2026-04-18 13:48:16.097758',3);INSERT INTO "assistant_taskmessage" VALUES(8,'email','Subject: Your Vunoh Global Service Request - Apartment Cleaning VG-6DED172A

Dear Customer,

Thank you for choosing Vunoh Global. We have received your request for apartment cleaning services in Westlands on Friday.

Our team is currently matching you with a suitable and vetted service provider. We will send you details, including the service provider''s profile and an estimated quote, for your approval very soon.

Your dedicated task code for this request is VG-6DED172A. Please use this code for any future correspondence regarding this service.

We appreciate your trust in Vunoh Global.

Sincerely,
The Vunoh Global Team','2026-04-18 13:48:16.103856',3);INSERT INTO "assistant_taskmessage" VALUES(9,'sms','Vunoh Global: Your apartment cleaning request for Westlands on Friday is in! We''re matching providers. Task code: VG-6DED172A. We''ll update you soon.','2026-04-18 13:48:16.111865',3);INSERT INTO "assistant_taskmessage" VALUES(10,'whatsapp','👋 Hi! We have received your urgent request to send KES 15,000 to your mother in Kisumu.
Your task code is VG-9B769F13.
We are on it! 🚀','2026-04-18 21:36:38.760283',4);INSERT INTO "assistant_taskmessage" VALUES(11,'email','Subject: Urgent Money Transfer Request

Dear Customer,
We acknowledge your request to transfer KES 15,000 to Kisumu.
Task Code: VG-9B769F13
Our finance team will process this shortly.','2026-04-18 21:36:38.767423',4);INSERT INTO "assistant_taskmessage" VALUES(12,'sms','Vunoh: Transfer KES 15,000 to Kisumu in progress. Code: VG-9B769F13','2026-04-18 21:36:38.775483',4);INSERT INTO "assistant_taskmessage" VALUES(13,'whatsapp','📄 Hello! We have received your land title verification request for Karen.
Task code: VG-953BAA3D
Our legal team will handle this carefully. ✅','2026-04-18 21:36:38.832460',5);INSERT INTO "assistant_taskmessage" VALUES(14,'email','Subject: Document Verification Request

Dear Customer,
We have received your request to verify a land title deed in Karen.
Task Code: VG-953BAA3D
Our legal team will be in touch shortly.','2026-04-18 21:36:38.839306',5);INSERT INTO "assistant_taskmessage" VALUES(15,'sms','Vunoh: Land title verification started. Code: VG-953BAA3D','2026-04-18 21:36:38.846109',5);INSERT INTO "assistant_taskmessage" VALUES(16,'whatsapp','🏠 Great! We are finding a cleaner for your Westlands apartment on Friday.
Task code: VG-1BB3F6B4
We will confirm the details soon! 😊','2026-04-18 21:36:38.895573',6);INSERT INTO "assistant_taskmessage" VALUES(17,'email','Subject: Cleaning Service Request

Dear Customer,
We have received your request for apartment cleaning in Westlands on Friday.
Task Code: VG-1BB3F6B4','2026-04-18 21:36:38.903156',6);INSERT INTO "assistant_taskmessage" VALUES(18,'sms','Vunoh: Cleaner booking for Westlands Friday confirmed. Code: VG-1BB3F6B4','2026-04-18 21:36:38.910154',6);INSERT INTO "assistant_taskmessage" VALUES(19,'whatsapp','⚖️ We have received your request for a property lawyer in Nakuru.
Task code: VG-A33B512F
Our legal team is on it! 💪','2026-04-18 21:36:38.965581',7);INSERT INTO "assistant_taskmessage" VALUES(20,'email','Subject: Legal Service Request - Property Dispute

Dear Customer,
We acknowledge your request for legal assistance in Nakuru.
Task Code: VG-A33B512F','2026-04-18 21:36:38.973152',7);INSERT INTO "assistant_taskmessage" VALUES(21,'sms','Vunoh: Lawyer search for Nakuru property dispute started. Code: VG-A33B512F','2026-04-18 21:36:38.980015',7);INSERT INTO "assistant_taskmessage" VALUES(22,'whatsapp','✈️ Airport pickup arranged for your father at JKIA on Saturday at 3pm!
Task code: VG-C2C2CC84
We will keep you updated! 🚗','2026-04-18 21:36:39.030959',8);INSERT INTO "assistant_taskmessage" VALUES(23,'email','Subject: Airport Transfer Request - JKIA

Dear Customer,
We have arranged an airport pickup for your father at JKIA on Saturday.
Task Code: VG-C2C2CC84','2026-04-18 21:36:39.038483',8);INSERT INTO "assistant_taskmessage" VALUES(24,'sms','Vunoh: JKIA pickup Saturday 3pm confirmed. Code: VG-C2C2CC84','2026-04-18 21:36:39.044678',8);INSERT INTO "assistant_taskmessage" VALUES(25,'whatsapp','Hi! We have received your urgent request to send KES 15,000 to your mother in Kisumu.
Your task code is VG-3BB7FB14.
We are on it!','2026-04-18 21:47:33.344864',9);INSERT INTO "assistant_taskmessage" VALUES(26,'email','Subject: Urgent Money Transfer Request

Dear Customer,
We acknowledge your request to transfer KES 15,000 to Kisumu.
Task Code: VG-3BB7FB14
Our finance team will process this shortly.','2026-04-18 21:47:33.352977',9);INSERT INTO "assistant_taskmessage" VALUES(27,'sms','Vunoh: Transfer KES 15,000 to Kisumu in progress. Code: VG-3BB7FB14','2026-04-18 21:47:33.358946',9);INSERT INTO "assistant_taskmessage" VALUES(28,'whatsapp','Hello! We have received your land title verification request for Karen.
Task code: VG-21D5B100
Our legal team will handle this carefully.','2026-04-18 21:47:33.410340',10);INSERT INTO "assistant_taskmessage" VALUES(29,'email','Subject: Document Verification Request

Dear Customer,
We have received your request to verify a land title deed in Karen.
Task Code: VG-21D5B100
Our legal team will be in touch shortly.','2026-04-18 21:47:33.416969',10);INSERT INTO "assistant_taskmessage" VALUES(30,'sms','Vunoh: Land title verification started. Code: VG-21D5B100','2026-04-18 21:47:33.425479',10);INSERT INTO "assistant_taskmessage" VALUES(31,'whatsapp','Great! We are finding a cleaner for your Westlands apartment on Friday.
Task code: VG-402C64D6
We will confirm the details soon!','2026-04-18 21:47:33.471711',11);INSERT INTO "assistant_taskmessage" VALUES(32,'email','Subject: Cleaning Service Request

Dear Customer,
We have received your request for apartment cleaning in Westlands on Friday.
Task Code: VG-402C64D6','2026-04-18 21:47:33.481067',11);INSERT INTO "assistant_taskmessage" VALUES(33,'sms','Vunoh: Cleaner booking for Westlands Friday confirmed. Code: VG-402C64D6','2026-04-18 21:47:33.487042',11);INSERT INTO "assistant_taskmessage" VALUES(34,'whatsapp','We have received your request for a property lawyer in Nakuru.
Task code: VG-BC52BDB8
Our legal team is on it!','2026-04-18 21:47:33.540894',12);INSERT INTO "assistant_taskmessage" VALUES(35,'email','Subject: Legal Service Request - Property Dispute

Dear Customer,
We acknowledge your request for legal assistance in Nakuru.
Task Code: VG-BC52BDB8','2026-04-18 21:47:33.551189',12);INSERT INTO "assistant_taskmessage" VALUES(36,'sms','Vunoh: Lawyer search for Nakuru property dispute started. Code: VG-BC52BDB8','2026-04-18 21:47:33.559361',12);INSERT INTO "assistant_taskmessage" VALUES(37,'whatsapp','Airport pickup arranged for your father at JKIA on Saturday at 3pm!
Task code: VG-D902439D
We will keep you updated!','2026-04-18 21:47:33.604791',13);INSERT INTO "assistant_taskmessage" VALUES(38,'email','Subject: Airport Transfer Request - JKIA

Dear Customer,
We have arranged an airport pickup for your father at JKIA on Saturday.
Task Code: VG-D902439D','2026-04-18 21:47:33.610639',13);INSERT INTO "assistant_taskmessage" VALUES(39,'sms','Vunoh: JKIA pickup Saturday 3pm confirmed. Code: VG-D902439D','2026-04-18 21:47:33.616576',13);INSERT INTO "assistant_taskmessage" VALUES(40,'whatsapp','Hi! We have received your urgent request to send KES 15,000 to your mother in Kisumu.
Your task code is VG-0A52A869.
We are on it!','2026-04-18 21:53:30.052609',14);INSERT INTO "assistant_taskmessage" VALUES(41,'email','Subject: Urgent Money Transfer Request

Dear Customer,
We acknowledge your request to transfer KES 15,000 to Kisumu.
Task Code: VG-0A52A869
Our finance team will process this shortly.','2026-04-18 21:53:30.060128',14);INSERT INTO "assistant_taskmessage" VALUES(42,'sms','Vunoh: Transfer KES 15,000 to Kisumu in progress. Code: VG-0A52A869','2026-04-18 21:53:30.067328',14);INSERT INTO "assistant_taskmessage" VALUES(43,'whatsapp','Hello! We have received your land title verification request for Karen.
Task code: VG-74979CDA
Our legal team will handle this carefully.','2026-04-18 21:53:30.129719',15);INSERT INTO "assistant_taskmessage" VALUES(44,'email','Subject: Document Verification Request

Dear Customer,
We have received your request to verify a land title deed in Karen.
Task Code: VG-74979CDA
Our legal team will be in touch shortly.','2026-04-18 21:53:30.137008',15);INSERT INTO "assistant_taskmessage" VALUES(45,'sms','Vunoh: Land title verification started. Code: VG-74979CDA','2026-04-18 21:53:30.144256',15);INSERT INTO "assistant_taskmessage" VALUES(46,'whatsapp','Great! We are finding a cleaner for your Westlands apartment on Friday.
Task code: VG-B2C0C43C
We will confirm the details soon!','2026-04-18 21:53:30.196351',16);INSERT INTO "assistant_taskmessage" VALUES(47,'email','Subject: Cleaning Service Request

Dear Customer,
We have received your request for apartment cleaning in Westlands on Friday.
Task Code: VG-B2C0C43C','2026-04-18 21:53:30.203838',16);INSERT INTO "assistant_taskmessage" VALUES(48,'sms','Vunoh: Cleaner booking for Westlands Friday confirmed. Code: VG-B2C0C43C','2026-04-18 21:53:30.210878',16);INSERT INTO "assistant_taskmessage" VALUES(49,'whatsapp','We have received your request for a property lawyer in Nakuru.
Task code: VG-99F7D0E6
Our legal team is on it!','2026-04-18 21:53:30.270527',17);INSERT INTO "assistant_taskmessage" VALUES(50,'email','Subject: Legal Service Request - Property Dispute

Dear Customer,
We acknowledge your request for legal assistance in Nakuru.
Task Code: VG-99F7D0E6','2026-04-18 21:53:30.277682',17);INSERT INTO "assistant_taskmessage" VALUES(51,'sms','Vunoh: Lawyer search for Nakuru property dispute started. Code: VG-99F7D0E6','2026-04-18 21:53:30.284690',17);INSERT INTO "assistant_taskmessage" VALUES(52,'whatsapp','Airport pickup arranged for your father at JKIA on Saturday at 3pm!
Task code: VG-524AFC10
We will keep you updated!','2026-04-18 21:53:30.335604',18);INSERT INTO "assistant_taskmessage" VALUES(53,'email','Subject: Airport Transfer Request - JKIA

Dear Customer,
We have arranged an airport pickup for your father at JKIA on Saturday.
Task Code: VG-524AFC10','2026-04-18 21:53:30.344596',18);INSERT INTO "assistant_taskmessage" VALUES(54,'sms','Vunoh: JKIA pickup Saturday 3pm confirmed. Code: VG-524AFC10','2026-04-18 21:53:30.352243',18);CREATE TABLE "assistant_taskstep" ("id" integer NOT NULL PRIMARY KEY AUTOINCREMENT, "step_number" integer NOT NULL, "description" text NOT NULL, "created_at" datetime NOT NULL, "task_id" bigint NOT NULL REFERENCES "assistant_task" ("id") DEFERRABLE INITIALLY DEFERRED);INSERT INTO "assistant_taskstep" VALUES(1,1,'Verify customer identity and payment method.','2026-04-18 13:32:18.603253',1);INSERT INTO "assistant_taskstep" VALUES(2,2,'Confirm recipient details (full name, M-Pesa number) with the customer.','2026-04-18 13:32:18.610295',1);INSERT INTO "assistant_taskstep" VALUES(3,3,'Initiate KES 15,000 transfer to recipient''s M-Pesa.','2026-04-18 13:32:18.616849',1);INSERT INTO "assistant_taskstep" VALUES(4,4,'Send transfer confirmation and transaction ID to customer.','2026-04-18 13:32:18.623691',1);INSERT INTO "assistant_taskstep" VALUES(5,1,'Receive land title deed document from customer.','2026-04-18 13:36:50.896300',2);INSERT INTO "assistant_taskstep" VALUES(6,2,'Submit document to legal team for initial review and authenticity check.','2026-04-18 13:36:50.903758',2);INSERT INTO "assistant_taskstep" VALUES(7,3,'Liaise with relevant land registry authorities for official verification.','2026-04-18 13:36:50.910780',2);INSERT INTO "assistant_taskstep" VALUES(8,4,'Compile detailed verification report including any discrepancies or confirmations.','2026-04-18 13:36:50.917972',2);INSERT INTO "assistant_taskstep" VALUES(9,5,'Provide the customer with the official verification report and findings.','2026-04-18 13:36:50.924286',2);INSERT INTO "assistant_taskstep" VALUES(10,1,'Match a suitable cleaning service provider for Westlands.','2026-04-18 13:48:16.066355',3);INSERT INTO "assistant_taskstep" VALUES(11,2,'Confirm the provider''s availability for apartment cleaning on Friday.','2026-04-18 13:48:16.072781',3);INSERT INTO "assistant_taskstep" VALUES(12,3,'Obtain customer approval for the selected provider and estimated cost.','2026-04-18 13:48:16.079760',3);INSERT INTO "assistant_taskstep" VALUES(13,4,'Coordinate and oversee the cleaning service delivery.','2026-04-18 13:48:16.085943',3);INSERT INTO "assistant_taskstep" VALUES(14,5,'Conduct a post-service quality check and confirm completion.','2026-04-18 13:48:16.091869',3);INSERT INTO "assistant_taskstep" VALUES(15,1,'Verify customer identity and payment method','2026-04-18 21:36:38.728759',4);INSERT INTO "assistant_taskstep" VALUES(16,2,'Confirm recipient details and M-Pesa number','2026-04-18 21:36:38.735538',4);INSERT INTO "assistant_taskstep" VALUES(17,3,'Initiate KES 15,000 transfer','2026-04-18 21:36:38.742557',4);INSERT INTO "assistant_taskstep" VALUES(18,4,'Send confirmation and transaction ID to customer','2026-04-18 21:36:38.749296',4);INSERT INTO "assistant_taskstep" VALUES(19,1,'Receive and log the land title document','2026-04-18 21:36:38.797355',5);INSERT INTO "assistant_taskstep" VALUES(20,2,'Assign to legal team for review','2026-04-18 21:36:38.803976',5);INSERT INTO "assistant_taskstep" VALUES(21,3,'Verify authenticity with land registry authorities','2026-04-18 21:36:38.810204',5);INSERT INTO "assistant_taskstep" VALUES(22,4,'Prepare verification report','2026-04-18 21:36:38.817531',5);INSERT INTO "assistant_taskstep" VALUES(23,5,'Send results to customer','2026-04-18 21:36:38.824964',5);INSERT INTO "assistant_taskstep" VALUES(24,1,'Match customer with available cleaners in Westlands','2026-04-18 21:36:38.867824',6);INSERT INTO "assistant_taskstep" VALUES(25,2,'Confirm Friday schedule with service provider','2026-04-18 21:36:38.874466',6);INSERT INTO "assistant_taskstep" VALUES(26,3,'Send cleaner details to customer','2026-04-18 21:36:38.881525',6);INSERT INTO "assistant_taskstep" VALUES(27,4,'Complete service and get sign-off','2026-04-18 21:36:38.887911',6);INSERT INTO "assistant_taskstep" VALUES(28,1,'Identify qualified property lawyers in Nakuru','2026-04-18 21:36:38.932232',7);INSERT INTO "assistant_taskstep" VALUES(29,2,'Brief lawyer on the dispute details','2026-04-18 21:36:38.943065',7);INSERT INTO "assistant_taskstep" VALUES(30,3,'Schedule consultation with customer','2026-04-18 21:36:38.949985',7);INSERT INTO "assistant_taskstep" VALUES(31,4,'Provide legal representation and updates','2026-04-18 21:36:38.957401',7);INSERT INTO "assistant_taskstep" VALUES(32,1,'Confirm flight details and arrival time','2026-04-18 21:36:39.002016',8);INSERT INTO "assistant_taskstep" VALUES(33,2,'Assign driver for JKIA pickup on Saturday','2026-04-18 21:36:39.009124',8);INSERT INTO "assistant_taskstep" VALUES(34,3,'Share driver details with customer and recipient','2026-04-18 21:36:39.015951',8);INSERT INTO "assistant_taskstep" VALUES(35,4,'Complete pickup and confirm safe arrival','2026-04-18 21:36:39.023382',8);INSERT INTO "assistant_taskstep" VALUES(36,1,'Verify customer identity and payment method','2026-04-18 21:47:33.314682',9);INSERT INTO "assistant_taskstep" VALUES(37,2,'Confirm recipient details and M-Pesa number','2026-04-18 21:47:33.323070',9);INSERT INTO "assistant_taskstep" VALUES(38,3,'Initiate KES 15,000 transfer','2026-04-18 21:47:33.329690',9);INSERT INTO "assistant_taskstep" VALUES(39,4,'Send confirmation and transaction ID to customer','2026-04-18 21:47:33.336745',9);INSERT INTO "assistant_taskstep" VALUES(40,1,'Receive and log the land title document','2026-04-18 21:47:33.378305',10);INSERT INTO "assistant_taskstep" VALUES(41,2,'Assign to legal team for review','2026-04-18 21:47:33.384625',10);INSERT INTO "assistant_taskstep" VALUES(42,3,'Verify authenticity with land registry authorities','2026-04-18 21:47:33.390971',10);INSERT INTO "assistant_taskstep" VALUES(43,4,'Prepare verification report','2026-04-18 21:47:33.397566',10);INSERT INTO "assistant_taskstep" VALUES(44,5,'Send results to customer','2026-04-18 21:47:33.403572',10);INSERT INTO "assistant_taskstep" VALUES(45,1,'Match customer with available cleaners in Westlands','2026-04-18 21:47:33.445622',11);INSERT INTO "assistant_taskstep" VALUES(46,2,'Confirm Friday schedule with service provider','2026-04-18 21:47:33.451998',11);INSERT INTO "assistant_taskstep" VALUES(47,3,'Send cleaner details to customer','2026-04-18 21:47:33.458161',11);INSERT INTO "assistant_taskstep" VALUES(48,4,'Complete service and get sign-off','2026-04-18 21:47:33.465210',11);INSERT INTO "assistant_taskstep" VALUES(49,1,'Identify qualified property lawyers in Nakuru','2026-04-18 21:47:33.505752',12);INSERT INTO "assistant_taskstep" VALUES(50,2,'Brief lawyer on the dispute details','2026-04-18 21:47:33.512135',12);INSERT INTO "assistant_taskstep" VALUES(51,3,'Schedule consultation with customer','2026-04-18 21:47:33.517966',12);INSERT INTO "assistant_taskstep" VALUES(52,4,'Provide legal representation and updates','2026-04-18 21:47:33.530323',12);INSERT INTO "assistant_taskstep" VALUES(53,1,'Confirm flight details and arrival time','2026-04-18 21:47:33.578907',13);INSERT INTO "assistant_taskstep" VALUES(54,2,'Assign driver for JKIA pickup on Saturday','2026-04-18 21:47:33.585698',13);INSERT INTO "assistant_taskstep" VALUES(55,3,'Share driver details with customer and recipient','2026-04-18 21:47:33.591783',13);INSERT INTO "assistant_taskstep" VALUES(56,4,'Complete pickup and confirm safe arrival','2026-04-18 21:47:33.598822',13);INSERT INTO "assistant_taskstep" VALUES(57,1,'Verify customer identity and payment method','2026-04-18 21:53:30.021752',14);INSERT INTO "assistant_taskstep" VALUES(58,2,'Confirm recipient details and M-Pesa number','2026-04-18 21:53:30.029795',14);INSERT INTO "assistant_taskstep" VALUES(59,3,'Initiate KES 15,000 transfer','2026-04-18 21:53:30.037048',14);INSERT INTO "assistant_taskstep" VALUES(60,4,'Send confirmation and transaction ID to customer','2026-04-18 21:53:30.044273',14);INSERT INTO "assistant_taskstep" VALUES(61,1,'Receive and log the land title document','2026-04-18 21:53:30.091510',15);INSERT INTO "assistant_taskstep" VALUES(62,2,'Assign to legal team for review','2026-04-18 21:53:30.097967',15);INSERT INTO "assistant_taskstep" VALUES(63,3,'Verify authenticity with land registry authorities','2026-04-18 21:53:30.104445',15);INSERT INTO "assistant_taskstep" VALUES(64,4,'Prepare verification report','2026-04-18 21:53:30.111397',15);INSERT INTO "assistant_taskstep" VALUES(65,5,'Send results to customer','2026-04-18 21:53:30.122642',15);INSERT INTO "assistant_taskstep" VALUES(66,1,'Match customer with available cleaners in Westlands','2026-04-18 21:53:30.166252',16);INSERT INTO "assistant_taskstep" VALUES(67,2,'Confirm Friday schedule with service provider','2026-04-18 21:53:30.173244',16);INSERT INTO "assistant_taskstep" VALUES(68,3,'Send cleaner details to customer','2026-04-18 21:53:30.180337',16);INSERT INTO "assistant_taskstep" VALUES(69,4,'Complete service and get sign-off','2026-04-18 21:53:30.186974',16);INSERT INTO "assistant_taskstep" VALUES(70,1,'Identify qualified property lawyers in Nakuru','2026-04-18 21:53:30.232451',17);INSERT INTO "assistant_taskstep" VALUES(71,2,'Brief lawyer on the dispute details','2026-04-18 21:53:30.238962',17);INSERT INTO "assistant_taskstep" VALUES(72,3,'Schedule consultation with customer','2026-04-18 21:53:30.245073',17);INSERT INTO "assistant_taskstep" VALUES(73,4,'Provide legal representation and updates','2026-04-18 21:53:30.254641',17);INSERT INTO "assistant_taskstep" VALUES(74,1,'Confirm flight details and arrival time','2026-04-18 21:53:30.306438',18);INSERT INTO "assistant_taskstep" VALUES(75,2,'Assign driver for JKIA pickup on Saturday','2026-04-18 21:53:30.312947',18);INSERT INTO "assistant_taskstep" VALUES(76,3,'Share driver details with customer and recipient','2026-04-18 21:53:30.319921',18);INSERT INTO "assistant_taskstep" VALUES(77,4,'Complete pickup and confirm safe arrival','2026-04-18 21:53:30.326738',18);CREATE TABLE "auth_group" ("id" integer NOT NULL PRIMARY KEY AUTOINCREMENT, "name" varchar(150) NOT NULL UNIQUE);CREATE TABLE "auth_group_permissions" ("id" integer NOT NULL PRIMARY KEY AUTOINCREMENT, "group_id" integer NOT NULL REFERENCES "auth_group" ("id") DEFERRABLE INITIALLY DEFERRED, "permission_id" integer NOT NULL REFERENCES "auth_permission" ("id") DEFERRABLE INITIALLY DEFERRED);CREATE TABLE "auth_permission" ("id" integer NOT NULL PRIMARY KEY AUTOINCREMENT, "content_type_id" integer NOT NULL REFERENCES "django_content_type" ("id") DEFERRABLE INITIALLY DEFERRED, "codename" varchar(100) NOT NULL, "name" varchar(255) NOT NULL);INSERT INTO "auth_permission" VALUES(1,1,'add_logentry','Can add log entry');INSERT INTO "auth_permission" VALUES(2,1,'change_logentry','Can change log entry');INSERT INTO "auth_permission" VALUES(3,1,'delete_logentry','Can delete log entry');INSERT INTO "auth_permission" VALUES(4,1,'view_logentry','Can view log entry');INSERT INTO "auth_permission" VALUES(5,3,'add_permission','Can add permission');INSERT INTO "auth_permission" VALUES(6,3,'change_permission','Can change permission');INSERT INTO "auth_permission" VALUES(7,3,'delete_permission','Can delete permission');INSERT INTO "auth_permission" VALUES(8,3,'view_permission','Can view permission');INSERT INTO "auth_permission" VALUES(9,2,'add_group','Can add group');INSERT INTO "auth_permission" VALUES(10,2,'change_group','Can change group');INSERT INTO "auth_permission" VALUES(11,2,'delete_group','Can delete group');INSERT INTO "auth_permission" VALUES(12,2,'view_group','Can view group');INSERT INTO "auth_permission" VALUES(13,4,'add_user','Can add user');INSERT INTO "auth_permission" VALUES(14,4,'change_user','Can change user');INSERT INTO "auth_permission" VALUES(15,4,'delete_user','Can delete user');INSERT INTO "auth_permission" VALUES(16,4,'view_user','Can view user');INSERT INTO "auth_permission" VALUES(17,5,'add_contenttype','Can add content type');INSERT INTO "auth_permission" VALUES(18,5,'change_contenttype','Can change content type');INSERT INTO "auth_permission" VALUES(19,5,'delete_contenttype','Can delete content type');INSERT INTO "auth_permission" VALUES(20,5,'view_contenttype','Can view content type');INSERT INTO "auth_permission" VALUES(21,6,'add_session','Can add session');INSERT INTO "auth_permission" VALUES(22,6,'change_session','Can change session');INSERT INTO "auth_permission" VALUES(23,6,'delete_session','Can delete session');INSERT INTO "auth_permission" VALUES(24,6,'view_session','Can view session');INSERT INTO "auth_permission" VALUES(25,8,'add_task','Can add task');INSERT INTO "auth_permission" VALUES(26,8,'change_task','Can change task');INSERT INTO "auth_permission" VALUES(27,8,'delete_task','Can delete task');INSERT INTO "auth_permission" VALUES(28,8,'view_task','Can view task');INSERT INTO "auth_permission" VALUES(29,7,'add_statushistory','Can add status history');INSERT INTO "auth_permission" VALUES(30,7,'change_statushistory','Can change status history');INSERT INTO "auth_permission" VALUES(31,7,'delete_statushistory','Can delete status history');INSERT INTO "auth_permission" VALUES(32,7,'view_statushistory','Can view status history');INSERT INTO "auth_permission" VALUES(33,10,'add_taskstep','Can add task step');INSERT INTO "auth_permission" VALUES(34,10,'change_taskstep','Can change task step');INSERT INTO "auth_permission" VALUES(35,10,'delete_taskstep','Can delete task step');INSERT INTO "auth_permission" VALUES(36,10,'view_taskstep','Can view task step');INSERT INTO "auth_permission" VALUES(37,9,'add_taskmessage','Can add task message');INSERT INTO "auth_permission" VALUES(38,9,'change_taskmessage','Can change task message');INSERT INTO "auth_permission" VALUES(39,9,'delete_taskmessage','Can delete task message');INSERT INTO "auth_permission" VALUES(40,9,'view_taskmessage','Can view task message');CREATE TABLE "auth_user" ("id" integer NOT NULL PRIMARY KEY AUTOINCREMENT, "password" varchar(128) NOT NULL, "last_login" datetime NULL, "is_superuser" bool NOT NULL, "username" varchar(150) NOT NULL UNIQUE, "last_name" varchar(150) NOT NULL, "email" varchar(254) NOT NULL, "is_staff" bool NOT NULL, "is_active" bool NOT NULL, "date_joined" datetime NOT NULL, "first_name" varchar(150) NOT NULL);INSERT INTO "auth_user" VALUES(1,'pbkdf2_sha256$1200000$Tk9OMVuXJ9C54RvqGkzCSI$fkw90+YJNTpY2hLlb3eu4okgarC2QbAjwD9dOWNQtpY=','2026-04-17 17:43:21.304688',1,'osena','','lindaosena18@gmail.com',1,1,'2026-04-17 17:31:13.353577','');CREATE TABLE "auth_user_groups" ("id" integer NOT NULL PRIMARY KEY AUTOINCREMENT, "user_id" integer NOT NULL REFERENCES "auth_user" ("id") DEFERRABLE INITIALLY DEFERRED, "group_id" integer NOT NULL REFERENCES "auth_group" ("id") DEFERRABLE INITIALLY DEFERRED);CREATE TABLE "auth_user_user_permissions" ("id" integer NOT NULL PRIMARY KEY AUTOINCREMENT, "user_id" integer NOT NULL REFERENCES "auth_user" ("id") DEFERRABLE INITIALLY DEFERRED, "permission_id" integer NOT NULL REFERENCES "auth_permission" ("id") DEFERRABLE INITIALLY DEFERRED);CREATE TABLE "django_admin_log" ("id" integer NOT NULL PRIMARY KEY AUTOINCREMENT, "object_id" text NULL, "object_repr" varchar(200) NOT NULL, "action_flag" smallint unsigned NOT NULL CHECK ("action_flag" >= 0), "change_message" text NOT NULL, "content_type_id" integer NULL REFERENCES "django_content_type" ("id") DEFERRABLE INITIALLY DEFERRED, "user_id" integer NOT NULL REFERENCES "auth_user" ("id") DEFERRABLE INITIALLY DEFERRED, "action_time" datetime NOT NULL);CREATE TABLE "django_content_type" ("id" integer NOT NULL PRIMARY KEY AUTOINCREMENT, "app_label" varchar(100) NOT NULL, "model" varchar(100) NOT NULL);INSERT INTO "django_content_type" VALUES(1,'admin','logentry');INSERT INTO "django_content_type" VALUES(2,'auth','group');INSERT INTO "django_content_type" VALUES(3,'auth','permission');INSERT INTO "django_content_type" VALUES(4,'auth','user');INSERT INTO "django_content_type" VALUES(5,'contenttypes','contenttype');INSERT INTO "django_content_type" VALUES(6,'sessions','session');INSERT INTO "django_content_type" VALUES(7,'assistant','statushistory');INSERT INTO "django_content_type" VALUES(8,'assistant','task');INSERT INTO "django_content_type" VALUES(9,'assistant','taskmessage');INSERT INTO "django_content_type" VALUES(10,'assistant','taskstep');CREATE TABLE "django_migrations" ("id" integer NOT NULL PRIMARY KEY AUTOINCREMENT, "app" varchar(255) NOT NULL, "name" varchar(255) NOT NULL, "applied" datetime NOT NULL);INSERT INTO "django_migrations" VALUES(1,'contenttypes','0001_initial','2026-04-17 13:18:04.772836');INSERT INTO "django_migrations" VALUES(2,'auth','0001_initial','2026-04-17 13:18:04.804563');INSERT INTO "django_migrations" VALUES(3,'admin','0001_initial','2026-04-17 13:18:04.852165');INSERT INTO "django_migrations" VALUES(4,'admin','0002_logentry_remove_auto_add','2026-04-17 13:18:04.879001');INSERT INTO "django_migrations" VALUES(5,'admin','0003_logentry_add_action_flag_choices','2026-04-17 13:18:04.890444');INSERT INTO "django_migrations" VALUES(6,'contenttypes','0002_remove_content_type_name','2026-04-17 13:18:04.921864');INSERT INTO "django_migrations" VALUES(7,'auth','0002_alter_permission_name_max_length','2026-04-17 13:18:04.945854');INSERT INTO "django_migrations" VALUES(8,'auth','0003_alter_user_email_max_length','2026-04-17 13:18:04.965272');INSERT INTO "django_migrations" VALUES(9,'auth','0004_alter_user_username_opts','2026-04-17 13:18:04.988698');INSERT INTO "django_migrations" VALUES(10,'auth','0005_alter_user_last_login_null','2026-04-17 13:18:05.017076');INSERT INTO "django_migrations" VALUES(11,'auth','0006_require_contenttypes_0002','2026-04-17 13:18:05.022428');INSERT INTO "django_migrations" VALUES(12,'auth','0007_alter_validators_add_error_messages','2026-04-17 13:18:05.038548');INSERT INTO "django_migrations" VALUES(13,'auth','0008_alter_user_username_max_length','2026-04-17 13:18:05.055166');INSERT INTO "django_migrations" VALUES(14,'auth','0009_alter_user_last_name_max_length','2026-04-17 13:18:05.071102');INSERT INTO "django_migrations" VALUES(15,'auth','0010_alter_group_name_max_length','2026-04-17 13:18:05.088094');INSERT INTO "django_migrations" VALUES(16,'auth','0011_update_proxy_permissions','2026-04-17 13:18:05.100481');INSERT INTO "django_migrations" VALUES(17,'auth','0012_alter_user_first_name_max_length','2026-04-17 13:18:05.138352');INSERT INTO "django_migrations" VALUES(18,'sessions','0001_initial','2026-04-17 13:18:05.153629');INSERT INTO "django_migrations" VALUES(19,'assistant','0001_initial','2026-04-17 17:09:40.222692');CREATE TABLE "django_session" ("session_key" varchar(40) NOT NULL PRIMARY KEY, "session_data" text NOT NULL, "expire_date" datetime NOT NULL);INSERT INTO "django_session" VALUES('459smsu26nnopia3ic91s1eiwr8xalfb','.eJxVjEsKwjAUAO_y1hKaNDZJl-57hvJ-NVVJoJ-VeHcpdKHbmWHeMOK-5XFfdRlngR4sXH4ZIT-1HEIeWO7VcC3bMpM5EnPa1QxV9HU7279BxjVDD2QDi2iYJHAUduStsxMhti2GKQYJFKm9qmdMnfcxcfS-SY60s03DCT5fFEY4Zg:1wDnDt:IA_8g_j_LOO9LrbPTqNTV5OGBohVZztZ0sRbq7ptCkE','2026-05-01 17:43:21.312350');CREATE UNIQUE INDEX "auth_group_permissions_group_id_permission_id_0cd325b0_uniq" ON "auth_group_permissions" ("group_id", "permission_id");CREATE INDEX "auth_group_permissions_group_id_b120cbf9" ON "auth_group_permissions" ("group_id");CREATE INDEX "auth_group_permissions_permission_id_84c5c92e" ON "auth_group_permissions" ("permission_id");CREATE UNIQUE INDEX "auth_user_groups_user_id_group_id_94350c0c_uniq" ON "auth_user_groups" ("user_id", "group_id");CREATE INDEX "auth_user_groups_user_id_6a12ed8b" ON "auth_user_groups" ("user_id");CREATE INDEX "auth_user_groups_group_id_97559544" ON "auth_user_groups" ("group_id");CREATE UNIQUE INDEX "auth_user_user_permissions_user_id_permission_id_14a6b632_uniq" ON "auth_user_user_permissions" ("user_id", "permission_id");CREATE INDEX "auth_user_user_permissions_user_id_a95ead1b" ON "auth_user_user_permissions" ("user_id");CREATE INDEX "auth_user_user_permissions_permission_id_1fbb5f2c" ON "auth_user_user_permissions" ("permission_id");CREATE INDEX "django_admin_log_content_type_id_c4bce8eb" ON "django_admin_log" ("content_type_id");CREATE INDEX "django_admin_log_user_id_c564eba6" ON "django_admin_log" ("user_id");CREATE UNIQUE INDEX "django_content_type_app_label_model_76bd3d3b_uniq" ON "django_content_type" ("app_label", "model");CREATE UNIQUE INDEX "auth_permission_content_type_id_codename_01ab375a_uniq" ON "auth_permission" ("content_type_id", "codename");CREATE INDEX "auth_permission_content_type_id_2f476e4b" ON "auth_permission" ("content_type_id");CREATE INDEX "django_session_expire_date_a5c62663" ON "django_session" ("expire_date");CREATE INDEX "assistant_statushistory_task_id_e3ada214" ON "assistant_statushistory" ("task_id");CREATE INDEX "assistant_taskmessage_task_id_66aa3ef5" ON "assistant_taskmessage" ("task_id");CREATE INDEX "assistant_taskstep_task_id_e0185197" ON "assistant_taskstep" ("task_id");DELETE FROM "sqlite_sequence";INSERT INTO "sqlite_sequence" VALUES('django_migrations',19);INSERT INTO "sqlite_sequence" VALUES('django_admin_log',0);INSERT INTO "sqlite_sequence" VALUES('django_content_type',10);INSERT INTO "sqlite_sequence" VALUES('auth_permission',40);INSERT INTO "sqlite_sequence" VALUES('auth_group',0);INSERT INTO "sqlite_sequence" VALUES('auth_user',1);INSERT INTO "sqlite_sequence" VALUES('assistant_task',18);INSERT INTO "sqlite_sequence" VALUES('assistant_taskstep',77);INSERT INTO "sqlite_sequence" VALUES('assistant_taskmessage',54);INSERT INTO "sqlite_sequence" VALUES('assistant_statushistory',18);COMMIT;